,Id,City,Latitude,Longitude,Temperature(Max(F)),Humidity,Cloudiness,Wind Speed(mph)
0,4372777,Vardo,39.62,-77.74,76.1,65,1,5.82
1,3424901,Aasiaat,68.71,-52.87,45.5,87,0,6.33
2,1015776,Bredasdorp,-34.53,20.04,53.6,87,92,4.7
3,4030556,Rikitea,-23.12,-134.97,72.59,100,32,13.94
4,4267710,Sitka,37.17,-99.65,87.17,58,0,8.34
5,6185377,Yellowknife,62.45,-114.38,62.6,55,75,12.75
6,5367788,Lompoc,34.64,-120.46,77.38,69,1,13.87
7,3453439,Ponta do Sol,-20.63,-46.0,68.54,40,0,3.65
8,1337605,Mahibadhoo,3.78,72.97,82.62,100,68,12.03
9,2022572,Khatanga,71.98,102.47,52.34,96,24,5.88
10,6165406,Thompson,55.74,-97.86,62.6,45,75,5.82
11,1490256,Talnakh,69.49,88.39,45.01,94,92,12.03
12,4031742,Egvekinot,66.32,-179.17,42.12,95,88,11.25
13,964432,Port Alfred,-33.59,26.89,62.87,87,68,12.59
14,2155415,New Norfolk,-42.78,147.06,48.2,61,20,11.41
15,1847947,Shingu,33.72,135.99,81.81,99,32,5.21
16,1862505,Hirara,24.8,125.28,83.25,100,68,6.44
17,5961417,Husavik,50.56,-96.99,92.97,53,8,10.92
18,2126710,Beringovskiy,63.05,179.32,48.74,98,0,17.74
19,3588476,Tecpan,14.76,-90.99,77.0,53,40,16.11
20,491029,Solginskiy,61.05,41.34,61.25,97,92,19.86
21,5848280,Kapaa,22.08,-159.32,82.4,78,75,13.87
22,1852357,Shimoda,34.7,138.93,80.87,97,48,13.04
23,546105,Nikolskoye,59.7,30.79,57.2,93,20,6.71
24,2109528,Buala,-8.15,159.59,76.5,100,92,11.03
25,2173911,Broken Hill,-31.97,141.45,40.41,94,0,8.46
26,3418910,Upernavik,72.79,-56.15,41.58,91,64,5.44
27,1014034,Carnarvon,-30.97,22.13,36.05,39,36,6.22
28,3369157,Cape Town,-33.93,18.42,53.6,93,75,1.12
29,3448903,Sao Joao da Barra,-21.64,-41.05,78.8,47,0,9.17
30,3691954,Sechura,-5.56,-80.82,72.14,79,0,12.03
31,6138908,Saint-Philippe,45.36,-73.48,82.78,42,1,6.93
32,2064735,Nhulunbuy,-12.18,136.78,73.4,56,0,11.41
33,2075265,Busselton,-33.64,115.35,61.75,94,0,21.09
34,6156102,Steinbach,49.53,-96.69,93.2,49,5,17.22
35,3874787,Punta Arenas,-53.16,-70.91,42.8,70,0,10.29
36,3996234,Lazaro Cardenas,28.39,-105.62,75.2,57,75,5.99
37,2160063,Codrington,-28.95,153.24,37.54,78,0,2.64
38,6201424,Mataura,-46.19,168.86,42.8,77,88,4.99
39,4020109,Atuona,-9.8,-139.03,80.65,97,48,14.83
40,3689611,Nechi,5.59,-75.16,84.02,42,24,2.64
41,1052944,Angoche,-16.23,39.91,76.6,100,0,9.69
42,2015306,Tiksi,71.64,128.87,58.82,79,8,4.76
43,5880568,Bethel,60.79,-161.76,55.4,93,90,14.99
44,2112802,Hasaki,35.73,140.83,75.76,100,75,3.36
45,2508813,Adrar,27.87,-0.29,104.0,21,76,29.97
46,2175403,Bluff,-23.58,149.07,44.82,37,0,11.81
47,3141667,Roald,62.58,6.12,54.86,81,20,3.36
48,2163355,Hobart,-42.88,147.33,48.2,61,20,11.41
49,780687,Berlevag,70.86,29.09,46.26,93,75,16.11
50,3833859,Barrow,-38.31,-60.23,60.4,67,12,7.34
51,1496073,Orlik,52.51,99.83,37.4,81,0,1.74
52,5106834,Albany,42.65,-73.75,74.46,69,90,6.93
53,3394023,Natal,-5.81,-35.21,82.4,65,20,12.75
54,53654,Mogadishu,2.04,45.34,76.52,100,80,22.08
55,1735902,Sibu,2.29,111.83,75.2,94,75,3.09
56,6089245,Norman Wells,65.28,-126.83,55.4,76,75,3.36
57,286245,Sur,22.57,59.53,88.39,75,36,6.67
58,3443061,Chuy,-33.69,-53.46,57.43,92,12,7.78
59,5847411,Kahului,20.89,-156.47,80.53,62,20,12.75
60,2522325,Aguimes,27.91,-15.45,75.2,78,40,27.51
61,3652764,Puerto Ayora,-0.74,-90.35,75.2,69,75,16.11
62,4031574,Provideniya,64.42,-173.23,52.2,91,76,19.3
63,3833367,Ushuaia,-54.81,-68.31,42.8,75,0,3.36
64,4060791,Enterprise,31.32,-85.86,92.44,52,1,5.82
65,2094342,Kavieng,-2.57,150.8,82.62,100,56,6.89
66,3395458,Maragogi,-9.01,-35.22,76.06,90,92,10.36
67,2017155,Saskylakh,71.97,114.09,61.66,71,44,17.29
68,1806466,Guangyuan,32.43,105.86,68.31,91,8,2.64
69,2090021,Namatanai,-3.66,152.44,82.45,97,88,14.05
70,3359638,Walvis Bay,-22.95,14.51,55.08,100,20,8.57
71,3466165,Cidreira,-30.17,-50.22,60.4,96,32,5.44
72,2121025,Srednekolymsk,67.46,153.71,48.6,70,0,3.65
73,5306611,Nogales,31.34,-110.94,82.4,37,36,4.7
74,3424607,Tasiilaq,65.61,-37.64,50.0,66,75,5.82
75,3863379,Mar del Plata,-46.43,-67.52,52.93,50,8,11.36
76,6167817,Torbay,47.66,-52.73,75.2,53,40,12.75
77,2094027,Kieta,-6.22,155.63,73.81,100,88,5.1
78,2157698,Mildura,-34.18,142.16,45.56,95,56,9.1
79,1636308,Manokwari,-0.87,134.08,80.87,100,12,4.32
80,344979,Lebu,8.96,38.73,51.49,95,64,2.98
81,1629965,Tanete,-3.94,119.78,76.64,84,64,10.47
82,1253628,Lata,30.78,78.62,58.19,100,92,1.74
83,5855927,Hilo,19.71,-155.08,74.26,69,40,5.82
84,3924674,Xapuri,-10.65,-68.5,91.4,49,20,9.17
85,2180815,Tuatapere,-46.13,167.69,53.1,84,68,11.48
86,2704613,Hudiksvall,61.73,17.1,60.17,99,24,15.61
87,2329562,Bage,10.95,11.38,73.62,91,76,9.24
88,559731,Gornyy,51.76,48.54,65.7,50,0,5.88
89,1282256,Hithadhoo,-0.6,73.08,81.5,100,88,17.4
90,3423146,Ilulissat,69.22,-51.1,44.6,70,75,3.36
91,505112,Privodino,61.08,46.5,64.85,89,0,10.25
92,2224827,Ngaoundere,7.32,13.58,73.4,83,40,2.3
93,6170031,Tuktoyaktuk,69.44,-133.03,44.6,81,90,13.87
94,1337610,Thinadhoo,0.53,72.93,81.0,100,76,11.92
95,5781993,Springville,40.17,-111.61,89.6,27,20,4.7
96,2381334,Atar,20.52,-13.05,94.55,28,88,5.99
97,1273574,Vaini,15.34,74.49,69.89,98,92,11.14
98,2012530,Zhigansk,66.77,123.37,56.44,74,8,5.55
99,2208248,Kaitangata,-46.28,169.85,41.76,80,8,9.13
100,130245,Javanrud,34.8,46.49,61.34,64,0,1.86
101,1733782,Victoria,5.28,115.24,80.6,100,75,8.66
102,1507390,Dikson,73.51,80.55,45.72,91,0,23.89
103,7872257,Kapfenberg,47.44,15.29,69.8,72,0,4.7
104,3831208,Qaanaaq,77.48,-69.36,38.39,98,92,1.63
105,779622,Havoysund,71.0,24.66,46.4,100,90,11.41
106,2185329,Otane,-39.89,176.62,36.77,79,12,2.42
107,683447,Budesti,44.23,26.47,73.4,53,0,10.69
108,4033557,Tautira,-17.73,-149.15,80.6,65,40,2.24
109,2737599,Saldanha,41.42,-6.55,73.35,49,24,8.46
110,2610343,Vestmanna,62.16,-7.17,51.8,76,92,8.05
111,3985710,Cabo San Lucas,22.89,-109.91,91.51,55,20,6.93
112,3530097,Champerico,16.38,-93.6,89.6,43,75,5.82
113,1529484,Hami,42.84,93.51,73.81,35,32,6.67
114,1006984,East London,-33.02,27.91,53.6,71,0,6.44
115,2013375,Vitim,59.44,112.57,50.58,83,0,2.19
116,5881791,Abbotsford,49.05,-122.33,66.18,68,90,4.7
117,1215502,Banda Aceh,5.56,95.32,77.27,86,64,6.22
118,4035715,Avarua,-21.21,-159.78,73.4,83,75,14.99
119,1106677,Bambous Virieux,-20.34,57.76,71.6,64,75,21.92
120,3397763,Jacareacanga,-6.22,-57.76,86.0,65,32,1.63
121,3427208,Pilar,-34.46,-58.91,63.77,59,0,10.89
122,2144528,Warrnambool,-38.38,142.48,54.14,95,76,18.52
123,1715636,Dao,11.39,122.69,78.75,67,24,9.46
124,2110227,Butaritari,3.07,172.79,82.94,100,0,3.53
125,3936456,Lima,-12.06,-77.04,65.52,69,24,3.2
126,4034551,Faanui,-16.48,-151.75,86.0,66,80,5.82
127,3531368,Celestun,20.87,-90.4,84.16,96,32,19.42
128,3687505,La Palma,5.36,-74.39,80.37,62,12,1.19
129,2511174,Santa Cruz de Tenerife,28.47,-16.25,77.2,69,0,4.7
130,986717,Kruisfontein,-34.0,24.73,58.1,96,92,13.82
131,2014078,Urusha,54.05,122.9,53.19,90,0,2.42
132,1067565,Beloha,-25.17,45.06,64.67,91,36,6.22
133,3573739,Esperance,10.24,-61.45,89.6,55,20,11.41
134,3373652,Oistins,13.07,-59.53,87.8,58,40,20.8
135,5972291,Havre-Saint-Pierre,50.23,-63.6,66.2,55,1,10.29
136,1787046,Honggang,29.51,114.87,74.39,88,92,2.08
137,5712169,Baker City,44.77,-117.83,73.2,31,1,8.05
138,4013704,Laguna,27.52,-110.01,78.8,78,90,12.75
139,2401357,Cocobeach,1.01,9.58,77.0,83,40,6.93
140,2656067,Broome,52.47,1.45,67.93,60,20,4.7
141,6255012,Flinders,-34.58,150.85,48.2,71,0,17.22
142,104515,Mecca,21.43,39.83,88.94,50,76,2.73
143,60019,Eyl,7.98,49.82,81.36,72,8,25.01
144,5554428,Ketchikan,55.34,-131.65,67.46,63,1,12.75
145,2026023,Bukachacha,52.99,116.91,52.56,86,12,2.3
146,3366880,Hermanus,-34.42,19.24,49.24,100,100,2.98
147,3896218,Castro,-42.48,-73.76,48.29,98,100,8.68
148,654901,Kajaani,64.22,27.73,57.2,58,0,6.93
149,5221384,Charlestown,41.38,-71.64,79.29,78,40,9.17
150,1651810,Airai,-8.93,125.41,55.98,81,8,1.97
151,1714733,Dingle,11.0,122.67,79.2,75,8,13.04
152,2069194,Jamestown,-33.21,138.6,45.45,100,80,7.78
153,262462,Saint George,39.45,22.34,68.14,67,0,3.2
154,4017582,Casas Grandes,30.15,-110.24,81.95,65,0,2.75
155,220448,Aketi,2.74,23.78,72.91,89,88,2.19
156,3671497,Puerto Colombia,10.99,-74.96,88.97,72,8,9.57
157,5016024,Albert Lea,43.65,-93.37,83.3,54,40,8.05
158,3356832,Henties Bay,-22.12,14.28,51.94,100,32,5.1
159,519062,Novoanninskiy,50.53,42.67,68.41,53,32,5.21
160,3491161,Bull Savanna,17.89,-77.59,87.94,53,64,9.46
161,1801615,Maba,24.68,113.59,71.56,96,20,2.42
162,3433899,Alberdi,-26.19,-58.14,82.4,30,0,6.93
163,3437029,San Patricio,-26.98,-56.83,70.25,57,0,3.65
164,86049,Jalu,29.03,21.55,80.1,30,0,6.78
165,1150965,Ranong,9.96,98.62,78.8,94,75,2.24
166,1528998,Yumen,40.29,97.04,59.14,50,0,3.65
167,1262734,Morwa,22.9,73.84,77.0,95,92,11.92
168,934479,Grand Gaube,-20.01,57.66,71.6,64,75,21.92
169,934322,Mahebourg,-20.41,57.7,71.6,64,75,21.92
170,4011743,Constitucion,23.99,-104.67,78.8,31,75,13.87
171,3119841,Beira,43.2,-8.36,64.4,82,20,10.29
172,2028164,Deputatskiy,69.3,139.9,51.94,62,0,3.76
173,2120048,Ust-Nera,64.57,143.24,46.45,90,0,2.42
174,1492566,Severo-Yeniseyskiy,60.37,93.04,53.19,94,92,4.21
175,5454711,Albuquerque,35.08,-106.65,78.8,33,40,3.98
176,64013,Bosaso,11.28,49.18,86.68,88,0,0.96
177,2122262,Palana,59.08,159.95,52.66,82,64,3.31
178,1492255,Sherbakul,54.63,72.39,45.72,85,20,4.76
179,1691355,Sabang,13.72,123.58,81.81,85,44,20.2
180,3652462,San Cristobal,-0.39,-78.55,60.8,48,75,18.34
181,1673820,Daliao,22.61,120.4,82.06,74,75,10.29
182,4501427,Port Elizabeth,39.31,-74.98,84.2,58,75,5.82
183,2013279,Vostok,46.45,135.83,52.66,88,24,1.97
184,5960603,Geraldton,49.72,-86.95,82.4,61,20,10.29
185,4034451,Fitii,-16.73,-151.03,79.02,100,100,14.72
186,2281951,Sassandra,4.95,-6.09,77.14,97,92,12.82
187,3416888,Grindavik,63.84,-22.43,52.75,81,75,19.46
188,3577430,Road Town,18.42,-64.62,88.79,66,40,8.05
189,3838793,Rio Tercero,-32.17,-64.11,70.39,36,0,13.6
190,2084442,Vanimo,-2.67,141.3,82.26,100,64,6.11
191,1524296,Esil,51.96,66.41,51.35,86,0,3.31
192,1487086,Vinzili,56.96,65.77,55.4,82,0,6.71
193,2790471,Hun,50.34,4.87,73.78,40,88,4.99
194,1153557,Chumphon,10.5,99.18,76.19,93,92,7.45
195,1798946,Pengcheng,36.43,114.17,73.22,93,36,2.75
196,3899695,Ancud,-41.87,-73.83,48.42,94,8,9.69
197,3665315,Anori,-3.74,-61.66,80.29,86,48,4.21
198,588365,Vao,59.1,26.19,57.92,95,92,8.46
199,3372472,Vila Franca do Campo,37.72,-25.43,75.2,83,40,6.93
200,786562,Dukat,42.44,22.31,59.54,80,0,1.86
201,1524298,Aksu,52.04,76.93,53.6,100,90,13.42
202,3388456,Sao Jose da Coroa Grande,-8.9,-35.15,76.06,90,92,10.36
203,245338,Am Timan,11.04,20.28,76.77,83,44,3.76
204,2618795,Klaksvik,62.23,-6.59,51.8,76,92,8.05
205,2522890,Santa Lucia,39.93,9.66,84.2,79,20,4.65
206,2191562,Dunedin,-45.87,170.5,44.15,78,44,7.34
207,895953,Zambezi,-13.55,23.12,63.14,32,8,9.01
208,3451138,Rio Grande,-32.03,-52.1,62.6,77,90,6.93
209,57000,Hobyo,5.35,48.53,76.5,85,64,19.53
210,2522833,Ugento,39.93,18.16,80.6,88,0,8.05
211,2122090,Pevek,69.7,170.27,41.72,100,0,5.66
212,2126199,Cherskiy,68.75,161.3,46.35,67,0,2.75
213,3466980,Caravelas,-17.73,-39.27,74.25,100,92,15.84
214,1254046,Tura,25.52,90.21,77.5,95,48,2.3
215,1633419,Padang,-0.92,100.36,80.87,100,92,5.21
216,1486468,Yalutorovsk,56.65,66.31,50.72,78,32,4.43
217,2015179,Tommot,58.97,126.27,44.56,87,0,2.3
218,3603330,Amapa,15.09,-87.97,89.6,62,20,9.17
219,2120047,Ust-Omchug,61.13,149.63,48.74,91,80,2.98
220,3026644,Souillac,45.6,-0.6,75.4,64,0,10.29
221,2267254,Lagoa,37.14,-8.45,75.2,69,0,6.93
222,2068110,Kununurra,-15.77,128.74,64.4,22,0,9.17
223,3449293,Sao Domingos,-13.4,-46.32,88.7,25,48,3.2
224,352628,Matay,28.42,30.79,84.06,40,0,8.9
225,2449893,Tessalit,20.2,1.01,76.64,77,44,3.42
226,2152659,Port Macquarie,-31.43,152.91,42.8,60,0,5.82
227,371745,Kutum,14.2,24.66,68.76,85,44,4.65
228,2126123,Chokurdakh,70.62,147.9,45.27,74,0,9.24
229,217570,Buta,2.79,24.73,71.01,93,92,2.19
230,6457397,Bose,45.46,8.01,63.77,78,40,5.82
231,2022773,Khandyga,62.65,135.58,54.59,98,100,3.31
232,770425,Janow Lubelski,50.71,22.41,60.35,78,0,7.67
233,6096551,Pangnirtung,66.15,-65.72,59.0,47,75,14.99
234,2212775,Sabha,27.03,14.43,78.89,28,0,8.23
235,4788158,Suffolk,36.73,-76.58,86.0,58,1,3.36
236,2294915,Takoradi,4.89,-1.75,76.41,97,100,10.25
237,2123814,Leningradskiy,69.38,178.42,36.9,97,92,7.45
238,8010472,Belmonte,40.36,-7.35,69.94,61,12,3.98
239,3572189,High Rock,26.63,-78.28,87.8,66,75,5.82
240,2435837,Beboto,8.27,16.94,68.5,100,92,5.44
241,3583178,San Vicente,13.64,-88.78,88.7,62,40,3.36
242,2128975,Nemuro,43.32,145.57,63.64,94,92,8.46
243,212902,Kindu,-2.95,25.92,79.75,65,20,4.09
244,2108502,Honiara,-9.43,159.96,75.2,94,75,3.76
245,1511276,Atagay,55.1,99.39,63.14,82,0,3.76
246,5859699,College,64.86,-147.8,63.23,63,40,9.17
247,2701715,Karlskoga,59.33,14.52,53.4,93,20,5.82
248,3905792,San Borja,-14.86,-66.75,86.68,46,0,3.76
249,6355222,Yulara,-25.24,130.99,39.2,64,0,5.82
250,3038224,Ales,44.13,4.08,78.21,88,90,9.17
251,3031582,Saint-Augustin,44.83,-0.61,73.4,73,0,11.41
252,1045114,Inhambane,-23.87,35.38,73.4,94,0,11.41
253,4556050,Woodward,36.43,-99.39,87.03,40,75,11.41
254,3347019,Namibe,-15.19,12.15,65.97,100,0,14.05
255,3671519,Puerto Carreno,6.19,-67.49,89.6,59,75,5.82
256,3513563,Kralendijk,12.15,-68.27,87.8,70,40,18.34
257,2990474,Nevers,46.99,3.16,84.52,39,0,3.36
258,3388847,Sao Felix do Xingu,-6.64,-51.99,86.72,54,8,2.42
259,3372707,Ribeira Grande,38.52,-28.7,80.6,74,40,12.75
260,2729907,Longyearbyen,78.22,15.63,44.6,75,75,3.36
261,2189343,Kaeo,-35.1,173.78,55.67,76,88,12.82
262,2358100,Manga,11.67,-1.07,77.27,90,0,4.21
263,5392952,Santa Barbara,34.42,-119.7,78.78,69,20,10.29
264,323779,Antakya,36.22,36.17,82.4,51,0,10.29
265,2644605,Lerwick,60.15,-1.15,56.3,66,76,11.41
266,3421193,Paamiut,61.99,-49.67,45.14,93,8,16.51
267,3471451,Arraial do Cabo,-22.97,-42.02,69.8,73,40,23.04
268,143073,Ardakan,32.31,54.02,91.4,17,0,6.93
269,584365,Abrau-Dyurso,44.7,37.6,62.6,77,0,4.47
270,1314759,Lashio,22.93,97.75,68.9,98,92,1.52
271,2510573,Teguise,29.06,-13.56,78.8,69,20,21.92
272,1810979,Fuling,29.71,107.39,72.91,93,8,2.75
273,1079048,Ambovombe,-25.18,46.09,64.98,94,8,0.96
274,5352997,Gonzales,36.51,-121.44,70.27,64,1,12.75
275,3576994,Cockburn Town,21.46,-71.14,83.72,96,0,19.06
276,2264923,Peniche,39.36,-9.38,67.1,93,75,5.82
277,1495586,Parabel,58.71,81.5,51.31,81,56,5.44
278,1690438,San Andres,13.32,122.68,83.7,95,44,27.25
279,3467272,Capim Grosso,-11.38,-40.01,82.71,45,8,5.66
280,6316343,Alta Floresta,-9.87,-56.08,98.6,30,40,3.36
281,1488903,Turukhansk,65.8,87.96,47.26,96,80,12.15
282,1214488,Meulaboh,4.14,96.13,81.45,100,92,3.76
283,5517061,Big Spring,32.25,-101.48,74.97,88,90,11.41
284,2120591,Tilichiki,60.47,166.1,51.49,84,44,3.76
285,1501377,Kungurtug,50.6,97.53,45.95,68,20,2.98
286,1490796,Strezhevoy,60.73,77.6,53.6,87,0,6.71
287,625721,Lyuban,52.8,28.0,57.06,73,8,6.89
288,107304,Buraydah,26.33,43.97,98.6,20,0,12.75
289,4676798,Brownwood,31.71,-98.99,72.99,100,1,5.66
290,1685422,Sulangan,11.14,123.72,84.43,94,8,23.0
291,245669,Adre,13.47,22.2,71.73,83,68,5.77
292,561698,Gayny,60.3,54.33,59.41,85,32,3.98
293,2514651,Los Llanos de Aridane,28.66,-17.92,75.2,73,20,16.11
294,3894426,Coihaique,-45.58,-72.07,46.4,70,90,5.82
295,4153367,Doctor Phillips,28.45,-81.49,86.85,83,40,4.7
296,1106643,Quatre Cocos,-20.21,57.76,71.6,64,75,21.92
297,2023469,Markova,52.21,104.21,59.0,82,0,6.71
298,2121373,Seymchan,62.93,152.39,54.1,92,24,3.53
299,6320062,Vila Velha,-3.71,-38.6,82.4,74,20,12.75
300,5746545,Portland,45.52,-122.67,72.12,53,90,5.82
301,3451478,Riachao das Neves,-11.75,-44.91,87.04,38,32,2.75
302,1281256,Gamba,28.28,88.52,36.1,100,92,0.96
303,2978742,Saint-Louis,47.59,7.56,74.44,53,0,1.12
304,2166368,Forbes,-33.38,148.01,42.21,96,88,7.56
305,7626370,Bud,62.91,6.91,54.18,71,20,8.05
306,6145890,Shelburne,44.08,-80.2,81.16,45,1,4.32
307,1251081,Anuradhapura,8.34,80.41,78.48,81,24,19.3
308,6164499,The Pas,53.82,-101.24,62.6,63,75,9.17
309,5895424,Bay Roberts,47.58,-53.28,75.2,53,40,12.75
310,2136825,Isangel,-19.55,169.27,71.56,100,12,7.45
311,5198635,Lock Haven,41.14,-77.45,81.19,48,75,4.7
312,2013216,Vysokogornyy,50.1,139.13,53.91,99,88,2.75
313,5861897,Fairbanks,64.84,-147.72,63.23,63,40,9.17
314,3137469,Sorland,67.67,12.69,50.0,81,75,9.17
315,2337542,Naze,5.43,7.07,75.2,94,75,3.36
316,3837213,San Juan,-31.54,-68.53,65.07,33,0,1.07
317,3430443,Necochea,-38.55,-58.74,58.32,73,0,7.0
318,3378644,Georgetown,6.8,-58.16,89.6,62,75,9.17
319,1786060,Yuanping,38.72,112.71,66.43,97,68,1.97
320,3419842,Sisimiut,66.94,-53.67,51.04,74,8,2.64
321,933644,Ghanzi,-21.7,21.65,54.81,56,0,6.67
322,3924908,Pimenta Bueno,-11.68,-61.19,91.67,40,76,1.74
323,1500485,Listvyagi,53.68,86.95,55.04,100,92,2.86
324,287832,Ibra,22.69,58.55,79.25,48,32,1.74
325,536466,Lebyazhye,59.96,29.42,57.2,93,20,8.95
326,2063036,Port Lincoln,-34.72,135.86,54.59,99,88,10.02
327,675840,Esna,45.2,27.57,68.09,64,0,6.67
328,1252698,Zaidpur,26.83,81.33,80.6,94,90,2.24
329,1835848,Seoul,37.57,126.98,80.96,83,20,3.36
330,1796236,Shanghai,31.23,121.49,83.26,83,75,20.13
331,2520493,Calvia,39.57,2.51,84.2,62,0,6.93
332,5983720,Iqaluit,63.75,-68.52,44.6,93,90,19.46
333,4732862,Nome,30.04,-94.42,86.94,62,1,8.05
334,5505411,Henderson,36.04,-114.98,89.91,35,1,3.06
335,2270385,Camacha,33.08,-16.33,72.63,78,40,17.22
336,2172880,Byron Bay,-28.65,153.62,53.6,32,0,11.41
337,3491355,Black River,18.03,-77.85,91.4,49,20,21.92
338,3679277,La Dorada,5.45,-74.66,80.37,62,12,1.19
339,685981,Manta,45.1,24.1,63.91,88,0,3.53
340,1861280,Itoman,26.12,127.67,82.4,88,75,13.87
341,1698289,Pundaguitan,6.37,126.17,82.67,100,56,9.01
342,523426,Naro-Fominsk,55.39,36.74,64.4,72,0,6.71
343,1567069,Tan An,10.54,106.4,75.2,100,75,8.05
344,3440777,Rocha,-34.48,-54.34,60.62,75,0,7.23
345,2548885,Fez,34.03,-5.02,85.84,20,0,3.36
346,4272782,Hays,38.88,-99.33,86.58,35,20,11.41
347,1523662,Kachiry,53.07,76.1,55.85,99,92,16.17
348,2647984,Great Yarmouth,52.61,1.73,69.8,60,20,4.7
349,1648082,Boyolangu,-8.09,111.9,66.6,92,12,4.76
350,2024449,Elban,50.1,136.51,53.37,95,20,2.53
351,1487860,Vagay,57.94,69.02,51.95,82,44,3.62
352,2127282,Aleksandrovsk-Sakhalinskiy,50.9,142.16,58.1,100,92,5.55
353,588335,Kardla,58.44,26.57,57.2,87,92,16.11
354,3587498,Acajutla,13.59,-89.83,91.18,56,20,3.36
355,1788268,Dongsheng,29.72,112.52,81.5,70,20,9.91
356,3991347,Puerto Penasco,31.32,-113.53,89.37,82,24,15.5
357,1262824,Mon,26.73,95.03,74.84,98,92,1.41
358,2063042,Port Hedland,-20.31,118.58,59.0,19,0,12.75
359,4032420,Neiafu,-18.65,-173.98,73.4,78,75,5.82
360,1267433,Kattivakkam,13.22,80.32,84.2,70,75,8.05
361,3646767,Caraballeda,10.61,-66.85,87.8,70,20,5.82
362,5882953,Aklavik,68.22,-135.01,45.36,87,90,6.93
363,921900,Dzaoudzi,-12.79,45.27,73.4,83,0,3.36
364,3573374,The Valley,18.22,-63.06,86.94,58,40,18.34
365,2742416,Barcelos,41.53,-8.62,66.36,100,75,3.36
366,2456917,Goundam,16.42,-3.66,78.66,82,0,4.99
367,3351663,Benguela,-12.58,13.4,67.23,98,32,8.23
368,3386213,Touros,-5.2,-35.46,78.31,84,48,10.58
369,3374083,Bathsheba,13.22,-59.52,87.8,58,40,20.8
370,2194098,Ahipara,-35.17,173.16,55.4,91,80,13.04
371,3421719,Narsaq,60.91,-46.05,57.2,67,75,1.52
372,1252795,Yanam,16.73,82.22,76.69,94,100,23.78
373,2374583,Bubaque,11.28,-15.83,82.4,65,20,6.93
374,2179825,Waitati,-45.75,170.57,44.15,78,44,7.34
375,3458591,Lima Duarte,-21.84,-43.79,69.8,40,0,5.82
376,2274895,Monrovia,6.33,-10.8,77.0,88,75,5.82
377,584861,Govlyar,40.95,45.73,68.0,72,75,4.7
378,5924351,Clyde River,70.47,-68.59,44.6,87,75,10.29
379,2088122,Port Moresby,-9.47,147.16,76.23,99,20,16.51
380,5289658,Chino Valley,34.76,-112.45,80.37,42,40,5.82
381,5919850,Chapais,49.78,-74.86,77.0,53,20,9.17
382,2121385,Severo-Kurilsk,50.68,156.12,52.56,100,92,8.46
383,5062806,Albion,41.69,-98.0,86.5,52,1,11.41
384,3421982,Maniitsoq,65.42,-52.9,47.61,91,36,6.67
385,544318,Kosa,59.94,54.99,59.58,87,0,2.75
386,2126682,Bilibino,68.06,166.44,45.72,63,0,3.09
387,4280539,Topeka,39.05,-95.68,93.2,34,20,8.05
388,2435708,Beinamar,8.67,15.38,69.04,98,92,6.44
389,2178753,Kirakira,-10.46,161.92,79.25,100,80,19.53
390,2031964,Darhan,49.49,105.92,56.84,87,8,5.99
391,3440034,Tacuarembo,-31.73,-55.98,62.91,76,0,7.67
392,6112608,Powell River,49.84,-124.52,66.79,68,75,8.05
393,3146487,Raudeberg,61.99,5.14,57.2,58,20,8.05
394,3932145,Pisco,-13.71,-76.2,62.6,82,90,8.05
395,2026861,Berdigestyakh,62.1,126.7,49.86,93,0,3.65
396,1865309,Katsuura,33.93,134.5,77.99,93,32,4.99
397,749747,Ayan,40.67,33.6,47.26,78,0,2.08
398,5688789,Dickinson,46.88,-102.79,98.6,17,1,18.34
399,3652350,La Asuncion,-1.64,-78.74,54.55,59,64,2.98
400,2038665,Alihe,50.57,123.73,50.09,84,0,2.3
401,5975004,High Level,58.52,-117.13,66.2,42,40,5.82
402,2270258,Canico,32.63,-16.85,72.37,64,20,19.46
403,2015852,Svetlaya,46.54,138.33,63.59,100,12,3.53
404,5126209,Mastic Beach,40.77,-72.85,79.27,74,75,6.93
405,3901547,Villamontes,-21.26,-63.47,78.89,60,0,5.44
406,2444995,Filingue,14.35,3.32,81.72,74,68,4.99
407,6111862,Port Hardy,50.7,-127.42,59.0,82,90,8.05
408,1507636,Chunskiy,56.08,99.63,64.94,74,0,4.43
409,3836669,San Rafael,-34.61,-68.33,62.15,33,0,3.98
410,5797693,Hoquiam,46.98,-123.89,68.27,68,75,8.05
411,498856,Sandovo,58.46,36.41,58.19,80,64,18.3
412,5384339,Port Hueneme,34.15,-119.2,78.89,65,40,16.11
413,2377457,Nouadhibou,20.93,-17.03,71.6,83,12,17.22
414,1805733,Jinchang,38.52,102.19,53.01,83,0,2.64
415,3372783,Ponta Delgada,37.73,-25.67,75.2,83,40,6.93
416,430021,Cibitoke,-2.89,29.12,64.49,58,88,2.53
417,1498087,Nadym,65.53,72.51,50.95,65,88,12.71
418,2520645,Cabra,37.47,-4.43,89.46,28,0,5.82
419,5072006,Lincoln,40.8,-96.67,88.88,40,1,9.17
420,1649593,Baturaja,-4.12,104.17,72.19,97,92,4.21
421,6111696,Port-Cartier,50.03,-66.88,64.4,68,75,6.93
422,142554,Hashtrud,37.48,47.05,57.92,51,0,4.76
423,1261672,Nautanwa,27.43,83.42,72.36,97,92,3.65
424,3108412,Tafalla,42.53,-1.67,72.9,68,40,13.87
425,3420768,Qasigiannguit,68.82,-51.19,44.6,70,75,3.36
426,1217662,Romitan,39.93,64.38,73.4,28,0,11.41
427,7626384,Hovd,63.83,10.7,54.46,76,75,20.8
428,2027296,Aykhal,65.95,111.51,54.36,94,0,9.24
429,6050066,La Ronge,55.1,-105.3,59.0,77,90,10.29
430,338554,Dubti,11.74,41.09,74.57,71,92,5.66
431,5476913,Los Lunas,34.81,-106.76,79.27,21,1,5.82
432,1058532,Moramanga,-18.95,48.23,55.54,100,76,2.75
433,2122605,Okhotsk,59.36,143.24,53.91,100,88,4.76
434,5563397,Eureka,40.8,-124.16,61.72,87,90,8.05
435,3478424,Pontal do Parana,-25.67,-48.51,67.1,56,0,9.17
436,4342816,Sulphur,30.24,-93.38,91.4,59,1,11.41
437,2077895,Alice Springs,-23.7,133.88,37.4,64,0,7.78
438,2630299,Hofn,64.25,-15.21,49.41,98,100,1.63
439,3393106,Paragominas,-3.0,-47.35,92.63,51,8,8.77
440,2517679,Fortuna,38.18,-1.13,83.21,83,20,4.7
441,4407665,Kodiak,39.95,-94.76,91.4,38,1,9.17
442,3520994,Puerto Escondido,15.86,-97.07,86.0,66,75,11.41
443,352733,Marsa Matruh,31.35,27.25,82.4,74,0,5.82
444,138025,Damghan,36.17,54.34,73.98,56,0,5.21
445,615460,Pitsunda,43.16,40.34,68.0,88,75,8.95
446,3646382,Carupano,10.67,-63.26,80.19,90,56,11.36
447,712587,Novikovo,45.05,34.56,58.64,100,0,2.42
448,1500532,Posevnaya,54.3,83.33,53.65,82,0,7.34
449,1328421,Pathein,16.78,94.73,77.27,96,92,13.82
450,3657661,Gualaquiza,-3.4,-78.58,68.22,73,92,2.19
451,2394819,Cotonou,6.37,2.43,77.0,94,40,13.87
452,1635111,Puri,-7.54,112.45,66.6,92,12,4.76
453,1803841,Lianzhou,24.79,112.38,71.87,92,0,2.19
454,1504380,Kargat,55.19,80.28,53.46,87,76,2.75
455,2281120,Tabou,4.42,-7.36,77.85,100,88,12.03
456,3421765,Nanortalik,60.14,-45.24,45.45,94,92,8.23
457,575410,Boksitogorsk,59.47,33.85,55.44,98,92,9.8
458,3339539,Carlsbad,50.23,12.87,69.31,42,0,2.24
459,2654970,Brae,60.4,-1.35,54.61,71,92,8.05
460,5969785,Hamilton,43.26,-79.87,80.6,44,40,8.05
461,5954718,Flin Flon,54.77,-101.88,60.8,63,90,10.29
462,3380290,Sinnamary,5.38,-52.96,82.81,92,0,14.38
463,2027044,Batagay,67.65,134.64,57.06,83,0,2.75
464,1259784,Phek,25.7,94.46,70.34,99,88,1.97
465,556268,Ostrovnoy,68.05,39.51,55.22,80,64,3.2
466,5905393,Bonavista,48.65,-53.11,65.8,75,36,7.67
467,4167694,Panama City,30.16,-85.65,91.47,66,20,10.29
468,7872581,Landeck,47.14,10.57,71.49,77,75,5.82
469,950709,Swellendam,-34.02,20.44,53.6,87,92,4.7
470,6113406,Prince Rupert,54.32,-130.32,62.6,77,1,4.7
471,1258289,Rayagada,19.17,83.42,71.82,95,64,3.31
472,210379,Lusambo,-4.97,23.44,77.76,58,20,2.42
473,2656847,Atherton,53.52,-2.49,64.38,77,88,2.24
474,1310120,Mawlaik,23.63,94.42,72.05,100,92,2.3
475,5440838,Superior,39.95,-105.17,84.38,24,20,3.36
476,2905560,Herten,51.59,7.14,74.95,37,0,4.7
477,1490003,Tatarsk,55.22,75.96,51.21,91,0,10.69
478,2092164,Lorengau,-2.02,147.27,82.71,100,36,6.78
479,3879200,Mulchen,-37.72,-72.23,53.6,81,75,3.36
480,3037899,Ambon,47.55,-2.56,66.2,93,90,8.05
481,1791636,Weinan,34.5,109.46,78.8,78,0,4.47
482,3181259,Cairo Montenotte,44.4,8.27,78.01,69,20,3.36
483,1510377,Belyy Yar,53.6,91.39,59.0,93,0,2.98
484,3172402,Nago,45.88,10.89,69.21,93,20,5.82
485,3526662,Teya,21.05,-89.07,93.2,44,75,11.41
486,217695,Bunia,1.56,30.25,64.44,90,44,2.64
487,610091,Chingirlau,51.09,54.08,73.49,50,76,8.23
488,533690,Luga,58.74,29.85,55.71,99,92,11.81
489,6062563,Macamic,48.75,-79.0,82.4,45,20,8.05
490,4036284,Alofi,-19.06,-169.92,71.6,94,12,3.36
491,1706044,Lipay,15.46,119.92,74.16,100,92,10.47
492,3374210,Sao Filipe,14.9,-24.5,76.23,100,24,11.25
493,1582436,Dong Xoai,11.53,106.92,71.65,99,100,5.21
494,159134,Inyonga,-6.72,32.06,63.77,42,0,6.78
495,1265954,Kotra,25.81,79.31,79.02,89,44,7.11
496,6166142,Thunder Bay,48.41,-89.26,82.4,61,5,9.17
497,964406,Port Shepstone,-30.74,30.45,61.56,76,0,7.78
498,5850554,Makakilo City,21.35,-158.09,83.59,62,1,5.82
499,4117436,Killin,33.61,-91.74,89.6,55,1,3.36
500,3439749,Trinidad,-33.52,-56.9,64.9,61,0,7.67
501,125188,Mahdasht,35.73,50.81,89.49,22,0,4.7
502,2140558,Koumac,-20.56,164.28,67.6,94,80,3.53
503,2027968,Aldan,58.61,125.39,45.14,90,0,2.3
504,1268814,Joshimath,30.57,79.57,37.04,100,92,1.41
505,1496503,Noyabrsk,63.2,75.45,49.6,74,64,6.67
506,3570392,Le Vauclin,14.55,-60.84,86.79,58,20,17.22
507,1523741,Esik,43.36,77.47,64.4,72,75,4.47
508,146639,Lasa,34.92,32.53,82.4,69,0,9.17
509,2450173,Taoudenni,22.68,-3.98,91.81,42,20,5.66
510,296852,Erzin,36.95,36.2,81.48,51,0,10.29
511,525426,Sobolevo,54.43,31.9,57.87,70,12,10.8
512,3517970,Pochutla,15.74,-96.47,86.0,66,75,11.41
513,2184707,Wanaka,-44.7,169.14,45.36,66,56,6.22
514,1056899,Sambava,-14.27,50.17,72.64,100,92,22.66
515,5380437,Pacific Grove,36.62,-121.92,70.39,72,1,10.29
516,2161515,Kiama,-34.67,150.86,48.2,71,0,17.22
517,1816440,Bengbu,32.92,117.38,80.37,93,92,14.27
518,1226260,Trincomalee,8.58,81.23,80.19,75,68,19.98
519,933734,Gweta,-20.21,25.26,63.32,44,0,6.44
520,5211303,Scranton,41.41,-75.66,74.46,83,90,5.82
521,2071059,Gawler,-34.6,138.75,51.8,87,75,8.05
522,2249901,Gat,14.69,-16.54,89.6,52,75,4.7
523,3119841,Cabanas,43.42,-8.16,64.4,82,20,10.29
524,2037485,Erenhot,43.65,111.97,58.86,96,36,10.8
525,779683,Hammerfest,70.66,23.68,48.49,100,90,11.41
526,734880,Mani,41.41,26.4,69.62,54,0,8.12
527,5276609,Two Rivers,44.15,-87.57,82.58,61,1,5.82
528,6182212,Williams Lake,52.13,-122.14,55.4,66,90,5.82
529,4004293,Ixtapa,20.71,-105.21,89.6,66,75,8.05
530,2167426,Emerald,-23.53,148.16,43.97,43,0,11.92
531,3841490,Pergamino,-33.9,-60.57,66.29,56,0,8.46
532,1540711,Muravlenko,63.79,74.5,48.29,78,44,7.45
533,2514073,Martos,37.72,-3.97,86.0,33,20,9.17
534,6620339,Karratha,-20.74,116.85,55.54,23,0,15.73
535,515873,Oktyabrskiy,55.61,37.97,66.18,52,0,8.95
536,1642773,Japura,-0.42,102.29,78.48,76,12,3.09
537,2017658,Preobrazheniye,42.9,133.91,66.25,97,88,1.41
538,124291,Mehran,33.12,46.17,78.8,24,0,6.93
539,3981362,Tonila,19.41,-103.55,84.2,58,75,6.93
540,1571058,Phan Thiet,10.93,108.1,77.05,100,92,16.84
541,64814,Bandarbeyla,9.49,50.81,78.48,89,0,32.61
542,2015842,Mikhaylovka,52.96,103.29,60.44,82,0,6.22
543,1505998,Idrinskoye,54.37,92.14,55.35,100,92,3.42
544,1643837,Gorontalo,0.54,123.06,75.74,86,64,4.54
545,5710035,West Wendover,40.74,-114.07,93.2,14,1,11.41
546,1486321,Yar-Sale,66.83,70.83,48.7,100,68,12.71
547,1584071,Da Lat,11.95,108.44,68.68,88,68,9.24
548,909488,Lukulu,-14.38,23.24,63.14,32,0,9.24
549,3355672,Luderitz,-26.65,15.16,51.12,92,0,12.48
550,2018735,Nyurba,63.29,118.35,55.67,97,0,4.65
551,286621,Salalah,17.01,54.1,77.0,94,20,2.24
552,783493,Trojes,41.76,19.96,77.0,78,0,2.24
553,125446,Mahabad,36.77,45.72,54.59,60,0,2.75
554,2986626,Plouzane,48.38,-4.62,62.98,88,90,11.41
555,741304,Niksar,40.59,36.95,54.77,94,56,1.63
556,5606187,Saint Anthony,43.97,-111.68,80.6,30,1,14.99
557,1626542,Sorong,-0.86,131.25,79.3,100,76,11.59
558,1337619,Ugoofaaru,5.67,73.0,84.33,95,88,17.07
559,779554,Honningsvag,70.98,25.97,48.47,100,92,11.03
560,2129211,Towada,40.61,141.21,66.25,88,24,3.2
561,522260,Nikel,69.41,30.21,50.0,100,75,14.99
562,3354077,Opuwo,-18.06,13.84,59.09,63,8,0.96
563,1217734,Boysun,38.2,67.2,51.62,82,0,1.63
564,1244926,Hambantota,6.12,81.12,77.94,99,92,15.84
565,583472,Alakurtti,66.96,30.34,55.71,63,92,2.42
566,3567995,Bahia Honda,22.9,-83.16,85.19,81,12,3.98
